[

	// Info according to Civilization Wiki and https://www.civfanatics.com/civ5/info/units/

	/* Ancient Era */
	{
		"name": "Worker",
		"unitType": "Civilian",
		"movement": 2,
		"hurryCostModifier": 20,
		"uniques": ["Can build improvements on tiles"],
		"cost": 45
	},
	{
		"name": "Work Boats",
		"unitType": "WaterCivilian",
		"movement": 4,
		"cost": 10,
		"requiredTech": "Sailing",
		"uniques": ["Cannot enter ocean tiles until Astronomy", "May create improvements on water resources"],
		"hurryCostModifier": 20
	},
]
